"","driver","1","2","3","4","5","6","7","8","9","10","11","12","13","14","15","16","17","18","19","20","21","22","23","24","25","26","27","28","29","30","31","32","33","34","35","36","37","38","39","40","41","42","43","44","45","46","47","48","49","50","51","52","53","54","55","56","57","58","59","60","61","62","63","64","65","66","67","68","69","70","71","72","73","74","75","76","77","78","79","80","81","82","83","84","85","86","87","88","89","90","91","92","93","94","95","96","97","98","99","100","101","102","103","104","105","106","107","108","109","110","111","112","113","114","115","116","117","118","119","120","121","122","123","124","125","126","127","128","129","130","131","132","133","134","135","136","137","138","139","140","141","142","143","144","145","146","147","148","149","150","151","152","153","154","155","156","157","158","159","160","161","162","163","164","165","166","167","168","169","170","171","172","173","174","175","176","177","178","179","180","181","182","183","184","185","186","187","188","189","190","191","192","193"
"1","Austin Cindric",NA,53.053,47.528,47.636,47.514,47.592,47.407,48.135,47.245,47.191,47.061,47.246,47.217,47.053,47.01,46.884,47.17,47.199,47.523,47.44,47.405,47.339,47.071,47.147,47.285,47.337,47.281,47.295,47.007,46.911,46.719,46.738,46.97,47.052,47.216,47.502,47.244,72.238,62.281,47.436,46.449,85.607,116.626,142.318,119.464,113.425,50.451,46.543,46.548,46.928,46.702,46.673,65.512,110.069,129.701,126.959,126.571,50.837,46.952,47.132,47.139,46.849,46.676,79.697,107.971,132.495,130.819,131.306,142.114,116.376,126.847,123.964,51.153,46.982,46.742,47.07,47.415,46.958,47.07,46.972,46.744,46.933,46.741,46.968,46.974,47.188,46.925,46.854,46.945,46.901,47.081,47.055,47.15,47.182,47.095,47.028,46.995,47.043,46.945,46.932,46.962,47.109,46.957,46.947,47.117,47.114,47.137,47.069,69.363,61.391,47.169,46.496,46.944,47.292,47.207,46.755,46.887,46.995,47.079,46.606,46.951,46.697,46.572,46.577,46.462,46.687,46.398,46.192,46.533,46.781,46.835,69.289,116.493,147.85,127.57,126.752,46.538,47.235,47.027,46.557,46.798,46.939,46.868,70.349,119.145,128.167,128.344,124.174,125.646,132.176,51.348,47.843,47.142,46.995,46.748,46.86,47.088,46.92,46.819,46.861,47.003,46.75,46.897,46.783,46.911,46.586,46.548,47.112,46.918,46.491,46.935,46.364,46.374,46.666,46.576,46.634,46.938,46.77,46.102,46.91,46.688,497.467,153.039,137.384,133.771,51.256,106.927,131.51,137.968,136.32,52.01,47.199,NA
"2","Bubba Wallace",NA,52.762,47.715,47.525,47.577,47.503,47.461,47.493,47.436,47.278,47.314,47.381,47.394,46.897,46.924,47.125,47.354,47.48,47.455,47.383,47.2,47.239,47.055,47.175,46.968,47.159,47.237,47.147,46.831,46.952,46.719,46.821,47.122,46.867,46.955,47.008,47.232,47.239,56.518,77.243,46.819,83.059,116.535,128.623,128.653,120.599,50.852,46.691,46.876,47.065,46.967,46.15,63.855,110.316,128.543,127.82,128.33,50.904,47.083,47.026,47.216,46.744,46.779,72.185,113.258,133.554,131.796,130.621,129.661,143.655,123.769,114.531,51.378,46.7,46.646,46.949,47.176,47.109,47.033,47.255,46.955,47.119,46.766,47.032,47.731,46.799,46.888,46.981,47.245,46.764,46.847,47.036,47.278,47.208,46.932,47.031,46.975,47.265,46.988,46.757,47.094,47.071,46.933,46.868,47.325,47.036,47.205,46.996,47.641,56.08,72.016,46.591,47.259,47.171,47.189,46.806,46.811,46.739,46.983,46.862,46.871,46.648,46.56,46.423,46.438,46.571,46.557,46.114,46.595,46.788,46.684,64.342,120.276,128.888,126.944,126.61,47.402,47.236,47.027,46.53,46.811,46.919,46.869,71.659,119.214,127.518,127.847,135.837,125.73,131.751,51.747,47.663,47.071,46.811,46.729,46.834,47.004,47.077,46.82,46.783,47.054,47.025,47.05,46.644,46.75,46.496,46.378,47.083,46.966,46.451,46.952,46.385,46.339,46.507,47.338,46.489,46.983,46.668,46.183,46.991,46.521,501.358,151.185,136.019,133.075,51.345,108.533,130.546,137.925,135.662,51.969,47.04,NA
"3","Chase Briscoe",NA,53.036,47.126,47.24,47.527,47.627,47.29,47.331,47.542,47.123,47.105,47.392,47.472,46.957,47.08,46.786,47.693,47.392,47.224,47.236,47.318,47.449,47.019,47.12,47.098,47.08,47.289,47.047,47.031,46.991,46.791,46.804,46.999,47.118,47.196,47.355,47.41,70.682,62.257,47.355,46.504,144.516,119.734,77.749,119.842,117.413,50.37,47.144,46.71,46.046,48.94,46.154,68.633,186.513,69.859,115.391,117.492,50.872,48.384,47.099,47.342,47.67,47.431,92.601,108.491,127.236,126.483,129.504,145.352,116.707,124.812,116.073,51.028,46.926,46.622,47.08,47.3,47.115,47.155,46.948,46.654,47.08,46.667,46.747,47.098,47.081,47.003,46.889,46.992,46.929,46.983,47.07,47.231,47.174,47.056,47.012,47.031,47.103,46.867,46.959,46.939,47.072,46.949,47.058,47.026,47.201,47.097,47.131,79.167,63.32,49.604,49.438,49.584,49.692,49.698,48.364,48.15,48.125,48.087,48.118,48.072,47.851,48.123,48.118,48.098,47.887,48.359,48.242,48.514,54.181,54.197,96.447,138.639,124.406,122.761,46.737,47.257,46.99,46.599,46.843,46.911,46.895,78.387,114.227,127.94,127.038,126.374,126.17,128.504,51.368,47.719,47.165,46.997,46.7,46.96,47.067,46.93,46.797,46.867,47.016,46.735,46.888,46.824,46.863,46.687,46.521,47.093,47.029,46.608,46.796,46.555,46.633,46.658,46.74,47.528,46.245,46.863,46.056,46.474,46.693,503.475,150.056,136.149,131.68,51.606,109.749,130.178,137.289,134.838,51.958,47.084,NA,NA
"4","Ryan Blaney",NA,53.242,48.045,47.654,47.518,47.522,47.437,47.373,47.432,47.274,47.337,47.405,47.132,47.025,46.937,46.919,47.141,47.276,47.524,47.471,47.396,47.336,47.057,47.108,47.296,47.313,47.374,47.048,46.861,46.91,46.728,46.823,47.091,46.929,46.94,47.06,47.193,56.403,76.485,48.319,47.024,84.411,116.891,127.604,127.986,119.941,50.824,46.708,46.858,46.98,46.969,46.905,67.071,111.836,154.167,111.892,115.423,50.883,47.743,47.052,47.565,47.546,47.404,90.645,103.67,131.626,127.181,130.477,126.582,125.022,126.614,124.996,51.278,46.984,46.732,47.025,47.463,46.922,47.081,46.987,46.747,46.924,46.74,46.986,46.954,47.199,46.913,46.866,46.935,46.902,47.105,47.025,47.153,47.194,47.101,47.014,46.986,47.047,46.971,46.914,46.964,47.101,46.966,46.941,47.118,47.119,47.144,47.06,55.123,74.214,47.474,46.301,47.675,47.057,47.495,46.811,46.852,47.016,46.974,46.587,47.032,46.654,46.601,46.424,47.05,47.075,46.93,46.522,46.597,47.01,46.159,70.93,116.886,127.99,126.01,124.774,46.655,47.236,47.008,46.512,46.822,46.915,46.886,77.598,114.195,127.847,127.366,136.054,125.565,131.235,51.308,47.84,47.14,47.007,46.739,46.88,47.066,46.922,46.825,46.873,46.988,46.76,46.882,46.79,46.92,46.572,46.592,47.073,46.936,46.502,46.943,46.337,46.455,46.661,46.602,46.547,47.012,46.673,46.141,46.891,46.676,498.472,152.784,137.016,133.411,51.323,107.498,131.138,137.999,136.062,51.986,47.219,NA
"5","Aric Almirola",NA,52.78,46.758,47.534,47.496,47.399,47.386,47.384,47.415,47.181,47.279,47.388,47.155,46.981,46.987,46.891,47.126,47.272,47.518,47.398,47.505,47.298,47.076,47.083,47.342,47.314,47.373,47.158,46.934,47.028,46.813,46.66,47.028,47.118,47.179,47.376,47.334,58.138,75.488,47.402,46.381,88.285,115.226,128.889,131.028,113.807,50.575,46.709,46.941,47.039,47.867,47.106,66.731,112.078,134.446,124.058,120.512,51.362,48.301,47.35,47.321,47.625,47.529,91.297,107.037,128.806,126.529,129.721,127.132,132.101,126.338,118.109,51.082,47.06,46.945,47.066,47.312,47.117,47.159,46.999,46.604,47.058,46.76,46.702,47.068,47.09,47.003,46.887,47.011,46.921,46.955,47.074,47.263,47.131,47.086,46.993,47.046,47.091,46.876,46.955,46.95,47.043,46.964,47.082,47.009,47.217,47.074,47.124,58.838,70.721,47.155,46.525,46.929,47.249,47.246,46.753,46.891,46.996,47.062,46.536,47.021,46.718,46.545,46.629,47.271,47.524,47.161,46.964,46.997,47.497,47.881,74.653,114.743,124.047,125.702,125.331,47.079,47.235,47.014,46.884,46.837,47.189,46.636,78.307,114.385,128.37,127.079,139.704,126.21,126.142,51.169,47.786,47.082,47.086,46.846,46.883,47.191,46.894,46.993,46.835,47.123,46.956,46.681,46.718,47.089,46.663,46.342,47.067,46.872,46.636,46.537,46.653,46.21,46.387,46.898,46.535,46.809,46.614,46.196,46.703,46.849,502.039,151.062,135.956,132.462,51.313,109.002,130.711,137.595,135.36,51.88,47.054,NA
"6","Kyle Busch",NA,52.987,47.543,47.577,47.541,47.594,47.419,47.636,47.386,47.294,47.343,47.255,47.472,46.912,46.919,47.126,47.32,47.488,47.491,47.345,47.236,47.169,47.122,47.157,47.058,47.095,47.189,47.161,46.821,46.924,46.809,46.782,47.142,46.81,47.037,46.917,47.269,47.239,56.439,74.753,48.476,74.851,119.971,128.113,128.343,126.51,51.411,46.623,46.621,47.018,46.736,46.656,54.432,115.676,128.106,128.483,131.726,51.398,47.036,47.027,46.952,46.512,46.887,124.821,128.239,95.638,160.2,86.74,173.194,91.674,121.185,112.559,51.176,46.663,46.672,46.925,47.186,47.107,47.018,47.272,46.962,47.121,46.779,47.027,47.788,46.831,46.852,46.9,47.28,46.817,46.778,47.048,47.254,47.204,46.965,47.025,46.955,47.281,46.966,46.785,47.056,47.095,46.935,46.856,47.407,47.077,47.096,47.03,47.602,56.951,73.465,47.445,46.702,46.541,46.152,46.252,46.508,46.71,46.97,46.909,46.91,46.628,46.526,47.525,47.225,46.64,46.477,46.962,47.098,47.537,47.796,72.158,118.537,179.185,129.938,72.525,46.868,47.213,47.098,46.804,46.719,46.747,46.798,79.543,114.149,129.173,126.01,137.232,124.426,127.236,51.432,47.471,47.09,46.796,46.737,46.77,47.093,47.034,46.824,46.79,47.046,47.024,47.049,46.665,46.752,46.479,46.378,47.097,46.949,46.478,46.942,46.374,46.35,46.596,46.592,46.66,46.934,47.139,46.729,46.729,46.796,502.439,150.82,135.874,132.191,53.655,107.423,130.396,137.991,134.463,51.903,47.061,NA
"7","Michael McDowell",NA,53.307,47.521,47.603,47.531,47.608,47.412,48.074,47.289,47.162,47.088,47.307,47.131,47.111,47.004,46.849,47.167,47.239,47.505,47.467,47.356,47.358,47.076,47.146,47.278,47.337,47.27,47.32,46.992,46.892,46.73,46.718,47.036,47.006,47.268,47.504,47.213,71.501,62.998,47.395,46.42,87.531,115.245,127.27,127.887,118.673,50.783,46.542,46.73,46.916,46.688,46.687,64.25,128.404,119.367,123.707,123.846,51.005,47.382,47.903,47.185,47.446,47.766,84.534,103.854,131.928,129.799,131.476,143.626,115.686,126.074,121.447,51.195,46.953,46.794,47.119,47.276,47.059,47.147,47.07,46.585,47.04,46.724,46.882,47.071,47.12,46.98,46.892,46.968,46.925,47.015,47.083,47.185,47.197,47.041,47.008,47.024,47.146,46.815,46.984,46.95,47.077,46.971,46.982,47.078,47.156,47.132,47.137,66.574,63.212,47.146,46.545,46.923,47.234,47.252,46.766,46.888,46.982,47.029,46.554,47.042,46.731,46.536,46.585,47.247,47.472,47.195,47.505,47.177,47.584,47.901,75.572,114.958,143.777,140.779,108.512,46.879,47.23,47.109,46.824,46.824,46.993,46.561,79.119,114.473,128.487,126.587,126.915,125.87,127.624,51.248,47.712,47.138,47.009,46.691,46.984,47.052,46.93,46.807,46.855,47.041,46.715,46.938,46.778,46.856,46.69,46.53,47.087,46.811,46.493,46.781,46.313,46.373,47.226,47.192,47.431,46.162,47.711,46.373,46.03,46.483,508.789,162.739,117.975,131.452,51.672,110.244,129.891,136.97,135.072,51.759,47.082,NA
"8","David Ragan",NA,52.93,47.214,47.795,47.676,47.443,47.321,47.198,47.584,47.28,47.148,47.186,47.428,47.182,46.914,47.062,47.272,47.392,47.277,47.303,47.377,47.311,47.03,47.172,47.116,47.306,47.322,47.61,46.628,46.678,46.784,46.719,46.956,47.137,47.178,47.266,47.42,76.975,64.586,50.474,50.592,81.071,114.307,154.837,101.316,110.948,50.518,47.195,47.152,46.147,48.917,46.164,68.331,108.961,128.636,125.323,124.761,50.92,48.02,47.655,47.304,47.348,47.74,83.912,103.748,130.962,132.11,131.462,152.432,117.573,122.983,114.02,51.673,47.192,47.468,47.695,47.29,47.264,48.182,47.214,47.153,47.197,47.411,47.572,47.569,47.274,47.64,47.872,47.818,47.668,48.55,48.32,47.956,47.71,47.782,47.991,48.372,48.207,48.662,48.423,48.317,48.234,77.532,63.779,49.739,49.433,49.375,49.218,48.831,47.17,46.74,47.239,47.641,47.179,47.439,46.517,46.465,46.958,46.843,46.79,46.483,46.571,46.555,46.832,46.927,46.527,46.54,46.58,47.744,48.027,73.35,116.127,122.224,125.084,117.179,46.853,47.271,47.061,46.748,46.847,47.818,46.589,80.151,114.668,128.183,126.542,116.939,95.683,122.446,51,47.938,47.337,46.487,46.924,46.665,47.145,48.178,46.747,46.948,46.728,46.973,46.233,46.985,46.892,46.892,47.197,46.684,46.282,46.318,46.812,46.637,45.867,46.375,46.749,47.088,46.269,46.648,46.324,46.584,47.064,511.331,161.631,117.709,130.574,52.475,111.096,127.992,137.984,134.26,51.826,47.091,NA,NA
"9","Brad Keselowski",NA,53.233,47.512,47.648,47.492,47.592,47.427,48.141,47.216,47.214,47.034,47.25,47.244,47.039,47.02,46.875,47.165,47.188,47.523,47.448,47.42,47.329,47.066,47.153,47.282,47.331,47.286,47.324,46.991,46.912,46.705,46.754,46.982,47.044,47.215,47.498,47.256,47.325,71.156,61.564,46.892,78.994,117.766,129.302,128.3,123.114,51.091,46.685,46.88,46.998,47.013,46.247,63.347,109.854,129.131,127.42,129.021,50.995,46.881,46.802,46.762,46.704,47.037,56.912,123.923,133.637,131.466,131.245,151.536,115.072,126.167,122.801,51.259,46.933,46.763,47.162,47.21,47.004,47.037,46.946,46.756,46.914,46.76,46.964,46.972,47.217,46.935,46.881,46.92,46.874,47.105,47.069,47.126,47.173,47.14,46.999,47.054,47.005,46.913,46.936,46.997,47.074,46.948,46.952,47.102,47.154,47.148,47.077,66.545,62.192,47.519,46.249,47.584,47.144,47.512,46.863,46.809,47.017,47.024,46.535,47.069,46.616,46.605,46.411,46.87,46.685,46.656,46.07,46.578,46.814,47.084,66.577,118.293,147.167,127.511,127.004,47.417,47.243,47.034,46.572,46.812,46.925,46.863,67.803,121.221,128.217,128.284,125.029,126.076,130.202,51.318,47.831,47.187,46.987,46.71,46.94,47.079,46.901,46.82,46.864,47.023,46.733,46.876,46.828,46.885,46.649,46.526,47.093,47.011,46.559,46.784,46.397,46.29,46.68,46.695,46.452,47.011,46.668,46.135,46.886,46.682,499.665,152.053,136.437,133.466,51.482,108.965,130.575,137.476,135.537,51.947,47.391,NA
"10","Chase Elliott",NA,53.169,48.048,48.026,47.496,47.398,47.314,47.378,47.451,47.272,47.4,47.418,47.135,46.94,47.013,47.061,47.314,47.517,47.432,47.407,47.268,47.192,46.973,47.185,46.976,47.204,47.295,47.047,46.85,46.939,46.712,46.813,47.11,46.919,46.944,47.042,47.202,47.245,57.029,76.254,46.914,82.974,116.386,128.209,128.552,121.379,51.003,46.634,46.726,46.921,46.664,46.67,62.052,111.008,128.978,127.668,129.168,50.94,47.073,47.011,47.151,46.986,46.617,62.055,122.219,133.655,131.944,131.095,129.918,139.552,125.188,117.151,51.067,47.091,46.809,46.905,47.153,47.137,46.959,47.32,46.97,47.111,47.563,46.822,47.611,47.156,46.86,46.738,47.369,46.736,46.783,47.077,47.268,47.219,47.038,46.995,46.742,47.386,46.954,46.837,47.051,46.966,47.035,46.965,47.307,47.156,47.15,47.028,47.292,56.666,83.327,48.892,48.956,48.91,48.812,48.763,48.613,49.08,47.979,47.667,47.502,47.596,47.798,47.679,47.613,47.652,48.104,47.755,47.78,53.415,55.755,100.681,119.194,125.577,112.232,47.161,47.317,47.019,46.823,46.822,46.99,46.538,78.771,114.72,125.264,126.364,142.021,125.13,124.588,50.702,47.012,47.175,46.675,46.735,46.804,47.087,47.012,46.836,46.814,47.104,46.932,46.992,46.771,46.822,46.73,46.481,47.081,46.754,46.499,46.748,46.283,46.356,47.238,46.935,46.709,46.502,46.599,46.247,46.652,47.232,513.089,141.257,136.782,130.359,51.902,110.563,129.708,136.796,134.861,51.753,47.12,NA,NA
"11","Ty Dillon",NA,52.491,47.868,47.88,47.574,47.618,47.393,47.416,47.604,46.941,47.173,47.295,47.276,46.957,47.034,46.912,47.695,47.043,47.587,47.378,47.513,47.269,46.912,47.136,46.976,47.175,47.261,47.026,46.996,46.865,46.812,46.759,46.993,47.104,47.211,47.354,47.153,47.602,58.187,72.595,56.594,90.431,114.048,126.413,128.209,111.523,50.403,46.625,46.854,46.565,48.17,47.909,69.52,111.975,128.262,123.666,122.94,50.919,47.402,47.235,46.881,46.648,47.091,81.77,105.709,131.87,130.966,132.06,128.671,140.984,124.045,115.272,51.105,46.832,46.647,47.042,47.302,47.123,47.164,46.868,46.714,46.916,46.824,46.771,47.089,47.092,46.996,46.886,46.959,46.948,47.003,47.068,47.207,47.205,47.037,47.022,47.006,47.139,46.845,46.959,46.957,47.079,46.951,47.033,47.033,47.181,47.117,47.141,58.076,71.218,47.025,46.673,47.195,47.168,47.28,46.784,46.899,46.996,46.986,46.588,47.014,46.658,46.67,46.572,46.941,46.99,46.668,46.429,46.973,46.852,46.273,72.085,116.488,127.705,124.449,123.558,47.045,47.116,47.03,46.871,46.823,47.836,46.637,80.595,113.679,129.453,126.015,138.471,125.65,125.766,51.369,47.686,47.364,47.154,46.627,46.925,47.157,46.935,46.913,46.737,47.167,46.776,46.65,46.993,46.997,46.759,46.282,46.848,46.956,46.481,46.515,46.604,46.505,46.406,46.96,47.325,46.274,46.686,46.296,46.743,46.942,507.205,148.483,133.543,131.75,53.126,110.264,129.528,136.67,134.647,51.703,47.046,NA
"12","Daniel Hemric",NA,63.829,63.515,50.086,50.004,50.004,49.997,50.011,50.265,50.224,47.633,48.147,47.506,47.576,46.768,47.294,47.187,47.434,47.629,47.255,46.967,47.02,47.177,47.272,47.06,47.439,47.417,46.692,46.877,46.57,46.953,46.744,47.206,46.921,47.385,47.255,47.723,47.148,74.629,62.359,90.45,113.56,101.816,85.979,88.045,94.066,60.974,80.319,63.163,49.568,49.681,59.327,102.191,126.112,128.325,123.091,50.48,47.302,46.735,46.812,46.626,46.936,76.009,109.685,132.342,132.659,132.005,124.365,64.253,109.718,98.746,112.077,51.549,47.065,47.51,46.501,46.496,47.338,47.212,47.103,47.002,46.841,46.932,46.843,47.705,48.217,47.552,47.867,48.158,48.453,49.852,48.567,47.765,47.915,47.718,48.074,48.1,48.283,48.169,48.293,48.457,48.393,70.458,62.963,48.782,48.79,48.828,48.867,48.904,49.008,49.239,49.379,49.628,49.96,47.825,46.652,46.471,46.959,46.759,46.912,46.62,46.511,46.493,46.526,46.728,46.494,46.306,46.407,46.63,46.884,70.258,116.553,125.345,61.847,123.809,114.721,46.864,47.258,47.068,46.77,46.866,48.174,47.113,81.833,112.852,127.901,120.25,152.715,130.412,111.961,50.81,47.895,47.322,46.997,46.77,46.492,46.802,46.986,47.277,46.762,47.031,46.863,46.59,46.826,46.886,46.721,46.561,46.924,47.072,46.311,46.553,46.53,46.536,46.398,46.988,47.905,46.014,47.348,46.017,46.493,46.61,510.545,167.129,112.45,130.822,57.711,111.565,123.856,137,134.047,51.631,47.077,NA
"13","Martin Truex Jr.",NA,52.774,47.598,47.561,47.572,47.547,47.436,47.583,47.4,47.293,47.312,47.355,47.398,46.915,46.921,47.101,47.333,47.506,47.468,47.35,47.209,47.226,47.073,47.179,47.011,47.116,47.214,47.168,46.832,46.921,46.79,46.8,47.125,46.839,46.999,46.938,47.259,47.245,68.288,63.061,48.534,80.328,117.453,127.545,128.091,124.373,51.223,46.674,46.866,47.01,46.998,46.272,61.809,110.964,128.855,127.678,129.387,51.077,46.864,46.806,46.89,46.457,46.878,56.122,124.565,133.588,131.44,131.185,157.545,115.536,125.837,117.799,51.123,46.951,46.658,47.069,47.271,47.03,47.058,47.344,46.938,47.155,46.886,47.044,47.704,46.733,46.957,46.973,47.213,46.72,46.941,47.029,47.289,47.182,46.964,46.99,46.991,47.221,46.991,46.805,47.094,47.041,46.97,46.851,47.305,47.053,47.212,46.989,47.674,65.573,62.52,46.583,47.258,47.143,47.207,46.799,46.833,46.762,46.967,46.861,46.861,46.676,46.561,46.4,46.437,46.582,46.556,46.114,46.587,46.803,46.622,63.657,120.236,155.533,125.871,124.131,47.062,47.245,47.088,46.761,46.743,46.766,46.764,49.419,181.543,72.786,164.831,65.974,124.063,154.83,107.767,50.4,47.538,47.546,46.547,46.564,46.644,47.212,47.126,46.392,46.379,47.085,46.928,46.74,46.781,46.876,46.606,46.537,46.97,46.941,46.604,46.425,46.43,46.404,47.624,46.548,47.125,46.383,47.347,46.059,46.247,46.778,506.324,175.321,109.874,129.873,55.673,109.621,126.504,138.105,133.776,51.925,47.185
"14","Corey LaJoie",NA,52.589,47.887,47.86,47.577,47.611,47.4,47.413,47.873,47.756,47.509,46.947,47.422,47.367,46.855,46.901,47.244,47.244,47.438,47.594,47.392,46.863,46.931,47.38,47.24,47.044,47.463,47.328,46.861,46.883,46.585,46.763,46.771,47.115,47.051,47.148,47.306,47.48,75.062,61.826,47.896,89.962,113.386,146.769,119.813,104.148,50.194,47.215,47.224,47.417,48.076,48.07,67.326,123.606,116.636,124.469,121.091,51.332,47.411,46.981,46.873,46.638,46.82,135.185,98.966,105.423,125.641,127.934,123.75,166.07,108.811,101.028,51.204,47.109,47.526,47.25,47.349,47.248,47.349,47.247,47.157,47.157,47.395,47.461,47.521,47.605,47.533,47.877,47.793,47.653,48.249,48.554,47.748,47.908,47.724,48.079,48.098,48.284,48.169,48.29,48.462,48.388,70.621,65.086,50.57,49.082,49.056,49.038,49.049,49.034,49.072,49.257,47.597,47.18,46.796,46.853,46.994,47.385,46.776,46.79,46.512,46.566,46.466,46.467,46.674,46.979,46.415,47.345,46.775,46.33,73.313,115.936,122.935,125.361,118.541,47.159,47.248,47.035,46.747,46.735,47.148,46.648,53.604,85.75,106.54,126.716,126.098,127.927,124.2,57.453,84.627,50.951,47.874,47.317,47.021,46.784,46.478,46.806,46.967,47.065,46.973,47.136,46.858,46.749,46.865,47.036,46.773,46.394,46.965,46.935,67.761,62.121,48.222,47.666,47.557,47.772,47.583,47.584,47.667,48.594,47.098,509.626,117.113,84.818,84.5,125.978,60.421,105.072,127.737,136.479,133.33,51.827,47.377
"15","Landon Cassill",NA,52.941,48.374,47.409,47.846,47.613,47.469,47.128,47.764,47.377,47.401,46.939,47.426,47.352,47.081,46.81,47.275,47.19,47.412,47.643,47.25,46.979,47.005,47.183,47.254,47.061,47.465,47.407,46.701,46.872,46.587,46.918,46.763,47.2,46.924,47.269,47.306,47.611,47.298,74.121,62.848,90.337,113.559,123.872,154.923,135.325,64.288,50.142,50.038,49.861,50.501,56.657,101.386,125.057,139.81,112.148,50.48,48.806,48.159,48.187,48.943,48.87,94.011,103.684,127.859,126.411,129.682,120.577,123.699,126.786,55.038,75.291,51.296,47.492,47.291,47.125,47.362,47.232,47.341,47.209,47.124,47.222,47.361,47.436,47.527,47.577,47.584,47.881,47.783,47.763,48.372,48.347,47.735,47.904,47.787,48.04,48.138,48.283,48.125,48.283,48.475,48.409,73.181,63.878,49.297,49.001,49.066,49.012,49.054,49.039,49.086,49.253,47.895,47.375,47.858,47.38,47.968,48.765,49.11,49.493,49.752,49.837,49.923,50.058,50.111,50.135,50.161,50.093,54.817,56.247,98.775,116.427,124.194,94.761,46.465,47.064,47.079,46.755,46.64,47.229,46.965,81.792,112.834,127.669,125.472,125.95,123.971,58.425,83.457,50.971,47.618,47.676,46.586,46.752,46.568,46.971,47.008,47.192,46.648,47.059,46.932,46.614,46.991,46.991,46.744,46.82,46.429,47.065,65.98,63.598,48.24,47.643,47.561,47.771,47.576,47.595,47.67,48.594,47.749,511.031,174.725,106.688,128.589,62.181,108.259,94.267,57.851,115.789,127.079,53.097,49.259,NA,NA
"16","Chris Buescher",NA,53.442,47.517,47.621,47.517,47.608,47.407,48.105,47.26,47.179,47.096,47.255,47.177,47.083,47.027,46.848,47.164,47.22,47.518,47.457,47.383,47.348,47.062,47.154,47.28,47.345,47.27,47.313,47.002,46.889,46.726,46.718,47.012,47.028,47.244,47.499,47.24,47.322,57.402,75.842,46.772,83.683,116.53,129.631,133.363,114.921,50.543,46.55,46.662,46.92,46.695,46.655,65.145,111.153,139.779,124.048,120.127,52.023,48.576,46.912,47.388,47.741,47.401,96.663,105.11,127.611,126.21,129.439,126.059,123.342,126.8,124.545,51.375,46.944,46.747,47.126,47.249,47.006,47.059,46.959,46.743,46.929,46.744,46.965,46.978,47.197,46.918,46.88,46.914,46.915,47.077,47.062,47.143,47.169,47.108,47.029,47.005,47.041,46.928,46.941,46.984,47.073,46.964,46.938,47.125,47.115,47.144,47.068,55.865,73.184,47.505,46.274,47.619,47.119,47.495,46.851,46.822,47.014,47.003,46.557,47.055,46.645,46.591,46.426,47.044,47.129,46.426,46.421,46.365,46.721,46.715,69.943,116.504,128.249,124.92,123.869,46.693,47.252,47,46.531,46.823,46.923,46.905,78.208,114.146,127.925,127.323,137.598,125.459,129.656,51.89,47.479,47.108,46.776,46.723,46.773,47.084,47.063,46.827,46.817,47.049,46.962,47.08,46.642,46.768,46.486,46.495,46.996,46.719,46.624,46.733,46.421,46.169,46.23,46.724,46.548,46.974,47.088,46.243,46.965,47.145,502.156,150.813,136.11,132.527,67.3,261.823,111.059,126.648,53.407,49.895,NA,NA
"17","Cody Ware",NA,52.811,47.572,47.777,48.076,47.307,47.43,47.541,47.284,47.257,47.227,47.034,47.488,47.056,46.891,47.197,47.184,47.48,47.651,48.076,47.397,46.886,47.199,47.825,48.809,48.244,48.276,48.433,48.539,48.541,48.783,49.003,49.047,49.095,49.367,49.382,81.209,64.622,50.484,50.483,57.851,59,100.905,122.229,124.503,117.284,50.739,46.685,47.742,46.927,48.469,46.607,67.726,125.611,118.055,124.154,121.432,51.197,47.947,47.286,47.536,47.577,47.357,87.719,102.946,134.526,127.22,130.918,150.06,118.606,123.055,113.683,51.329,47.225,47.522,47.52,47.422,47.293,48.182,47.214,47.111,47.214,47.45,47.318,47.787,47.3,47.601,47.882,47.81,47.713,48.512,48.3,47.933,47.716,47.789,48.02,48.247,48.274,48.702,48.436,48.327,48.23,75.727,64.784,50.446,49.53,49.375,49.223,48.824,47.118,46.697,47.37,47.606,47.164,47.407,47.007,46.592,46.885,46.954,46.794,46.359,46.534,46.706,46.586,46.886,46.961,46.693,47.659,48.527,48.265,75.755,115.252,118.65,124.89,116.407,47.19,47.352,47.194,46.701,46.792,47.19,46.71,56.194,85.446,110.798,127.375,124.409,124.852,124.968,61.029,78.415,50.608,47.542,47.765,47.227,46.501,46.145,47.295,47.205,46.562,46.655,47.055,47.393,46.139,47.027,46.944,46.754,46.806,46.429,47.572,67.805,64.386,48.784,48.819,48.426,46.668,46.761,46.639,46.325,47.705,47.88,512.706,171.766,107.981,127.92,67.703,106.912,125.642,137.011,129.772,53.036,48.586,NA
"18","Daniel Suarez",NA,52.566,47.891,47.89,47.474,47.415,47.342,47.371,47.456,47.11,47.047,47.401,47.153,47.043,46.918,46.935,47.142,47.271,47.516,47.481,47.408,47.334,47.038,47.128,47.3,47.307,47.361,47.293,46.941,46.963,46.665,46.861,46.961,47.046,47.168,47.096,47.127,47.656,72.708,62.024,46.869,89.567,114.845,125.414,127.915,117.973,50.779,46.752,47.752,47.017,48.118,46.744,67.094,127.351,117.924,124.26,120.519,51.378,47.452,47.341,47.737,47.585,47.338,87.239,102.479,134.205,127.591,131.112,145.326,115.297,126.038,118.738,51.17,46.943,46.671,46.901,47.145,47.022,47.138,47.407,46.929,48.176,46.775,46.847,47.594,47.12,46.891,46.731,47.349,46.749,46.783,47.066,47.244,47.266,47.036,46.978,46.812,47.339,46.961,46.839,47.008,47.048,46.973,46.915,47.357,47.1,47.226,46.976,65.664,61.708,47.037,55.31,62.419,48.694,48.242,48.301,48.132,48.162,48.055,48.153,48.052,47.842,48.152,48.106,48.092,47.964,48.292,72.728,99.147,66.596,105.671,118.089,140.311,117.516,46.939,47.259,47.126,46.698,46.606,47.354,46.803,54.536,85.281,111.766,127.136,124.696,125.392,125.112,60.188,79.504,50.549,47.056,46.887,46.65,46.765,46.795,47.085,46.995,46.923,46.864,47.084,46.711,46.921,46.772,46.83,46.712,46.457,47.102,46.969,65.65,64.618,48.423,47.65,47.536,47.768,47.563,47.584,47.701,48.388,47.362,508.221,168.393,115.893,128.97,54.04,110.127,130.451,137.128,132.204,51.831,47.225,NA,NA
"19","Kurt Busch",NA,52.612,47.684,47.52,47.58,47.513,47.449,47.532,47.421,47.286,47.307,47.384,47.385,46.911,46.911,47.1,47.361,47.499,47.453,47.377,47.206,47.235,47.061,47.171,46.999,47.126,47.232,47.154,46.834,46.944,46.759,46.799,47.122,46.844,46.996,46.969,47.241,47.239,71.018,61.761,47.413,82.827,116.619,127.11,128.739,122.286,51.153,46.642,46.716,46.923,46.643,46.687,61.391,111.012,128.739,127.549,130.117,51.036,47.053,46.996,46.978,46.64,46.888,60.234,123.48,133.555,131.174,230.762,65.206,173.851,68.372,107.399,51.103,47.096,47.377,46.583,46.314,47.103,47.006,47.279,46.963,47.118,46.89,46.934,47.808,46.862,46.829,46.867,47.329,46.762,46.775,47.056,47.263,47.209,47.088,46.95,46.881,47.317,46.954,46.805,47.012,47.097,46.934,46.871,47.408,47.1,47.124,47.035,47.533,67.641,62.568,47.499,46.687,46.539,46.154,46.256,46.479,46.728,46.981,46.894,46.898,46.604,46.553,47.531,47.223,46.956,46.791,46.964,47.01,47.465,48.204,75.359,114.779,91.495,95.955,47.141,47.211,47.103,46.753,46.699,46.775,46.774,54.777,419.15,66.019,123.506,128.076,134.436,49.963,47.6,47.348,47.268,46.516,46.086,46.883,47.034,46.407,46.367,47.076,46.939,47.829,46.975,47.014,46.898,47.156,46.585,46.379,46.749,46.688,46.236,45.882,46.696,46.63,47.855,47.286,48.051,49.45,50.492,55.115,504.319,165.934,103.652,129.239,58.035,107.614,129.407,137.312,131.761,51.773,47.653,NA,NA,NA
"20","Cole Custer",NA,52.844,47.373,47.775,47.948,47.708,47.339,47.233,47.507,47.023,47.065,47.267,47.206,46.843,46.991,46.777,47.597,46.852,47.549,47.388,47.476,47.28,47.065,47.122,47.299,47.282,47.414,47.184,46.885,46.913,46.526,46.822,47.005,47.122,47.201,47.348,47.405,57.339,75.303,47.566,46.525,84.795,116.912,127.739,127.936,119.434,50.912,46.706,47.662,47.178,48.054,46.796,66.867,111.691,135.271,124.302,119.733,51.824,47.785,47.328,47.34,47.645,47.491,91.777,108.325,127.386,126.536,129.683,126.61,129.638,125.918,120.739,51.224,47.087,46.977,46.876,47.18,46.945,47.155,46.962,46.701,47.007,46.679,46.945,47.071,47.137,46.975,46.893,46.976,46.924,47,47.076,47.19,47.178,47.045,47.005,47.041,47.128,46.815,46.965,46.972,47.07,46.98,46.923,47.097,47.187,47.142,47.11,56.377,72.97,47.041,46.438,47.539,56.241,74.733,58.618,104.488,49.837,49.816,49.835,49.847,49.847,49.904,49.966,48.32,48.56,49.038,55.862,54.576,98.036,163.246,126.189,111.109,46.971,47.131,47.176,46.851,46.766,47.172,46.625,83.932,112.763,127.576,125.069,125.915,124.279,59.976,81.013,50.508,46.943,47.023,47.207,46.747,46.86,47.185,46.943,46.745,46.543,47.104,46.921,46.869,46.605,46.774,46.502,46.505,48.048,56.458,78.903,49.657,47.494,46.368,46.904,46.509,46.823,46.655,46.198,47.153,47.102,505.183,148.428,138.735,129.093,58.3,107.759,127.669,137.413,133.077,52.114,47.543,NA,NA,NA,NA
"21","Joey Logano",NA,52.738,46.835,47.444,47.517,47.423,47.395,47.394,47.374,47.025,47.027,47.689,47.283,46.98,47.023,46.833,47.21,47.189,47.531,47.396,47.515,47.293,47.07,47.094,47.331,47.294,47.399,47.165,46.913,46.838,46.571,46.856,46.986,47.01,46.952,47.479,47.138,47.196,47.426,68.139,62.61,75.899,119.39,128.319,128.169,126.13,51.376,46.7,46.825,47.039,46.983,46.288,59.025,112.594,128.26,128.14,130.641,51.169,47.04,47.003,46.95,46.505,47.112,57.801,124.553,133.609,131.465,131.596,156.855,115.653,125.022,116.559,51.124,46.952,46.973,47.079,47.279,47.122,47.163,47.266,46.355,47.037,46.756,46.821,46.942,47.093,47.024,46.866,47.047,46.913,46.926,47.076,47.28,47.105,47.095,46.997,47.057,47.087,46.86,46.973,46.944,47.046,46.959,47.109,46.982,47.228,47.069,47.141,69.944,61.842,48.108,46.783,46.709,46.53,46.159,46.26,46.519,46.697,46.955,46.449,46.881,46.668,46.57,46.393,46.429,46.551,46.604,46.078,46.601,46.799,46.728,64.212,120.2,153.384,157.525,97.115,46.872,47.138,47.028,46.832,46.797,46.743,46.77,218.346,371.261,119.99,123.371,126.008,50.684,48.01,47.554,47.197,46.479,46.105,47.193,47.288,46.844,46.934,46.705,47.214,46.435,47.144,46.908,46.867,47.177,46.437,46.783,46.719,46.294,46.265,45.907,46.656,46.673,47.834,46.656,46.654,46.27,46.091,47.462,512.391,239.592,65.131,104.475,62.223,106.701,127.045,136.161,131.851,53.113,48.464,NA,NA,NA
"22","Jacques Villeneuve",NA,55.194,49.95,50.331,50.339,50.567,50.644,50.773,50.813,50.835,50.85,50.8,50.814,51.119,50.702,48.053,46.979,47.596,47.468,47.389,47.281,47.042,47.134,47.163,47.28,47.435,47.21,46.903,46.996,46.399,46.917,46.868,47.011,47.039,47.268,47.152,47.071,47.441,63.03,97.786,71.003,113.606,127.259,128.846,109.588,50.115,46.532,46.703,46.633,47.557,46.854,66.537,108.891,64.236,77.339,127.64,115.171,50.865,47.912,47.931,47.833,48.47,49.153,94.434,104.761,127.898,126.344,129.681,119.851,128.763,139.458,113.027,51.631,47.046,47.393,46.542,46.344,47.097,47.011,47.267,46.977,47.198,46.684,47.139,47.969,48.098,47.559,47.871,48.157,48.346,49.679,50.106,48.639,49.034,49.463,49.829,49.975,50.081,50.103,50.164,50.237,50.257,50.208,50.79,49.203,48.619,48.72,48.84,49.374,49.539,59.152,80.963,49.052,48.229,48.315,48.146,48.136,48.076,48.128,48.062,47.854,48.136,48.101,48.105,47.909,48.34,48.284,49.122,47.968,73.465,116.029,122.926,124.934,116.772,46.857,47.294,47.045,46.719,46.842,46.972,46.855,78.515,114.716,128.58,126.657,128.763,122.513,54.48,89.889,51.439,47.937,47.33,46.484,46.921,46.649,47.19,47.653,46.884,46.94,46.473,46.58,46.739,46.832,47.233,47.088,46.677,46.422,47.697,57.271,90.438,64.19,50.777,50.765,50.756,50.758,49.57,47.714,49.507,515.009,139.263,139.87,124.791,68.006,106.872,125.735,135.754,128.229,53.14,48.563,NA,NA,NA,NA
"23","Justin Haley",NA,52.842,47.65,47.876,47.82,47.764,47.353,47.54,47.804,47.365,47.365,46.982,47.428,47.325,46.966,46.901,47.243,47.183,47.477,47.551,47.329,46.882,46.935,47.362,47.254,47.048,47.47,47.273,46.86,46.902,46.596,46.793,46.834,47.12,47.007,47.233,47.32,47.566,46.902,73.59,63.791,89.593,113.188,150.54,107.501,111.89,51.556,47.26,46.743,46.176,48.322,46.328,126.413,75.493,297.613,65.254,49.281,49.098,49.14,49.233,49.393,49.423,96.839,96.708,202.145,79.048,162.378,72.35,134.018,119.158,112.661,51.508,47.201,47.317,47.105,47.374,47.225,47.326,47.229,47.115,47.216,47.392,47.395,47.529,47.579,47.596,47.873,47.78,47.769,48.42,48.291,47.758,47.885,47.792,48.038,48.157,48.298,48.1,48.31,48.469,48.396,49.048,49.611,49.159,49.317,48.939,48.908,48.792,84.725,63.621,49.086,49.032,48.857,49.039,48.875,48.42,48.314,48.904,49.022,49.031,48.049,47.652,47.582,47.685,48.096,47.753,48.334,56.888,55.073,172.529,73.376,123.997,113.771,47.169,47.092,47.387,46.683,46.634,47.222,46.883,51.699,90.38,110.351,127.726,164.94,135.111,138.959,110.268,51.273,47.721,47.965,47.415,47.765,48.19,48.558,48.735,48.746,48.837,48.922,48.912,48.858,48.714,48.78,49.076,49.364,49.153,49.242,49.323,48.983,48.18,47.687,47.546,47.77,47.621,47.56,47.643,48.995,49.447,512.559,140.607,151.067,118.357,69.222,100.823,125.844,136.618,130.447,58.315,56.551,NA,NA,NA,NA
"24","Alex Bowman",NA,53.769,48.028,48.165,47.51,47.634,47.341,47.394,47.369,47.06,47.072,47.376,47.16,47.051,46.934,46.92,47.14,47.258,47.518,47.495,47.401,47.338,47.04,47.133,47.307,47.297,47.337,47.292,46.948,46.905,46.715,46.858,46.959,47.152,47.056,47.102,47.138,47.675,57.243,76.982,47.067,89.004,115.355,127.746,131.84,112.941,50.589,46.62,46.381,46.959,46.998,46.199,66.032,110.114,130.325,126.171,126.137,50.791,46.889,46.782,46.773,46.707,47.037,524.76,243.251,90.047,132.64,103.332,51.078,46.741,46.918,46.789,47.219,47.305,47.168,47.1,46.53,46.884,46.756,46.876,47.332,47,47.045,46.969,47.206,46.628,47.03,47.013,47.303,47.164,46.972,46.991,47.002,47.124,47.017,46.867,47.052,47.018,47.042,46.84,47.25,47.076,47.231,46.878,58.274,74.424,47.218,46.61,46.958,47.403,49.885,52.03,55.588,51.734,48.055,47.615,47.5,47.553,47.911,47.655,47.586,47.679,48.113,47.729,47.761,51.829,54.972,102.141,117.719,127.055,119.165,46.449,46.919,47.28,46.667,46.793,46.955,46.493,81.631,112.309,127.52,126.011,126.321,124.294,57.493,84.837,50.622,48.208,47.517,47.208,46.433,46.136,47.302,47.047,47.071,46.936,46.769,47.538,46.449,47.083,46.924,47.014,47.132,46.948,47.399,56.197,74.667,48.557,48.815,48.608,47.587,46.114,47.278,46.069,46.524,48.098,514.551,142.912,139.447,125.335,64.133,106.574,126.153,135.571,132.585,55.135,57.038,NA,NA,NA,NA,NA,NA
"25","Austin Dillon",NA,53.014,47.033,47.679,47.565,47.492,47.201,47.433,47.156,47.004,47.165,47.323,47.621,47.145,47.166,46.857,47.489,47.144,47.196,47.568,47.525,47.298,47.033,47.141,47.086,47.087,47.23,47.058,47.033,47.07,46.846,46.699,46.98,47.115,47.171,47.107,47.172,47.067,56.972,80.116,48.416,89.184,113.141,126.917,136.887,107.223,50.554,46.931,47.154,45.979,48.1,46.722,67.605,108.594,128.906,125.776,125.263,50.745,47.004,46.751,46.772,46.747,46.979,58.408,124.738,133.322,131.34,131.463,131.071,184.532,108.808,90.695,51.391,47.523,47.284,47.153,47.356,47.217,47.359,47.199,47.135,47.229,47.354,47.43,47.532,47.583,47.579,47.876,47.781,47.753,48.367,48.369,47.738,47.882,47.794,48.048,48.128,48.282,48.128,48.277,48.484,48.409,57.678,78.39,50.294,48.985,49.074,49.002,49.064,49.032,49.084,49.258,48.135,49.142,50.631,51.695,52.216,52.449,51.652,51.452,50.746,49.309,49.866,50.531,51.092,49.925,49.985,51.494,68.64,127.833,105.019,124.953,115.438,49.378,50.599,50.746,50.829,50.885,50.996,50.998,51.133,58.552,70.792,81.2,127.648,123.086,124.43,124.442,61.123,78.723,51.463,48.071,48.316,49.426,49.069,49.457,49.927,50.087,50.362,49.739,50.155,49.667,49.984,49.813,49.801,59.019,81.549,51.59,51.607,57.555,65.522,52.462,52.249,49.385,49.792,50.01,50.487,56.464,488.162,153.932,139.888,122.646,68.853,101.836,125.852,136.101,133.03,59.58,59.815,NA,NA,NA,NA
"26","Kaz Grala",NA,53.14,47.069,47.29,47.522,47.446,47.476,47.32,47.546,47.4,47.161,47.352,47.487,46.982,47.392,46.908,47.176,47.339,47.446,47.591,47.355,47.387,47.589,47.75,48.691,48.279,48.257,48.415,48.6,48.53,48.795,49.007,49.063,49.116,49.312,49.296,76.914,63.584,50.288,50.251,234.815,149.127,96.2,109.351,50.811,47.292,47.827,48.269,50.364,49.667,65.49,105.193,186.087,78.546,114.933,51.146,48.486,48.284,48.068,49.167,48.636,98.646,100.204,127.403,126.884,129.129,121.926,122.273,126.472,55.237,74.876,51.263,47.451,47.465,47.133,47.328,47.246,47.337,47.234,47.108,47.235,47.43,47.321,47.552,47.548,47.606,47.862,47.795,47.74,48.486,48.269,47.788,47.853,47.772,48.065,48.183,48.292,106.423,64.591,48.526,57.64,63.809,49.43,48.938,48.897,48.825,48.628,48.101,48.456,49.445,49.857,50.006,49.844,48.927,48.368,48.272,48.918,49.023,49.03,49.153,49.039,49.567,49.946,49.135,48.202,49.023,49.419,72.861,116.118,122.51,124.324,114.826,46.991,47.228,47.152,46.733,46.765,47.195,46.731,80.44,114.718,127.671,125.969,161.227,107.759,124.313,50.83,47.708,47.509,46.971,47.306,47.187,48.254,48.555,48.789,49.039,49.222,49.318,49.498,49.621,49.342,49.295,49.406,49.141,49.26,49.304,49.03,48.127,47.777,48.105,48.958,49.405,47.996,46.897,47.476,50.484,514.743,138.164,138.82,124.353,60.074,107.806,127.548,136.873,131.734,53.568,49.173,NA,NA,NA,NA,NA,NA
"27","BJ McLeod",NA,53.053,46.948,47.415,47.584,47.545,47.291,47.24,47.53,47.336,47.486,47.107,47.392,46.97,47.427,46.908,47.152,47.333,47.427,47.605,47.355,47.375,47.593,47.728,48.751,48.277,48.246,48.42,48.576,48.528,48.8,49.007,49.06,49.105,49.342,49.288,59.336,82.84,49.991,49.831,54.408,62.642,105.809,157.897,97.162,111.103,50.977,47.682,49.221,50.404,50.708,50.956,59.785,105.116,129.155,141.932,107.823,51.416,48.557,48.261,48.49,49.194,49.286,98.843,100.115,126.708,126.735,129.049,122.089,125.242,151.113,101.3,51.279,47.045,47.514,47.739,47.965,47.996,49.134,50.009,50.376,50.566,50.758,50.893,50.969,51.136,51.103,50.842,51.168,51.105,49.277,49.942,50.271,50.593,50.054,49.511,50.077,50.258,50.482,50.684,50.816,50.902,51.166,51.775,48.939,48.631,48.91,49.309,49.521,60.018,95.014,64.98,50.079,50.372,50.493,50.381,49.775,50.05,49.557,50.273,50.072,49.314,49.976,50.765,48.49,48.722,49.553,73.653,115.012,118.752,125.246,118.369,46.886,47.118,47.324,46.832,46.655,47.212,46.934,56.328,85.378,110.463,127.843,123.946,124.941,124.62,61.026,78.715,50.847,47.59,47.508,47.002,47.286,47.207,48.266,48.561,48.782,49.025,49.223,49.332,49.497,49.608,49.559,49.478,49.863,50.113,60.506,84.623,48.26,47.648,47.547,47.763,47.568,47.595,47.684,48.544,49.404,514.753,140.032,139.813,125.695,62.91,107.756,126.317,135.876,131.867,54.674,52.29,NA,NA,NA,NA,NA
"28","Ricky Stenhouse Jr.",NA,52.67,47.74,47.57,47.541,47.504,47.451,47.509,47.279,47.15,47.1,47.319,47.108,47.123,46.992,46.84,47.174,47.26,47.497,47.474,47.349,47.341,47.077,47.154,47.283,47.333,47.29,47.307,46.99,46.857,46.771,46.739,47.013,47.023,47.257,47.525,47.185,47.3,47.42,70.996,62.089,86.975,115.539,140.382,120.027,114.568,50.654,46.701,46.527,46.934,46.991,46.211,65.494,109.926,129.371,126.412,127.545,50.838,46.898,46.784,46.771,46.697,47.065,57.358,124.457,133.634,131.359,131.299,154.245,114.992,124.979,120.506,51.186,46.967,46.683,46.908,47.121,47.047,47.118,47.388,46.952,47.193,46.855,46.859,47.283,47.157,47.008,46.875,47.059,46.905,47.03,46.978,47.299,47.014,47.136,46.994,47.061,47.083,46.923,46.967,46.955,47.045,47.053,46.883,47.203,47.107,47.21,46.915,71.004,61.76,47.288,46.432,46.733,46.534,46.148,46.359,46.464,46.554,47.021,46.299,46.893,46.655,46.573,46.388,46.418,47.182,46.38,46.307,46.459,46.749,46.741,67.157,118.052,164.157,124.842,120.909,47.092,47.07,47.01,46.82,46.8,46.788,46.778,79.765,113.973,128.192,126.805,117.123,134.312,116.14,51.133,47.496,47.093,46.789,46.722,46.775,47.095,47.049,46.819,46.824,47.042,46.977,47.071,46.654,46.754,46.498,46.466,47.036,46.693,46.657,46.706,46.397,46.207,46.204,46.74,46.537,46.976,47.084,46.223,47.018,46.828,497.193,152.624,137.676,134.244,NA,NA,NA,NA,NA,NA,NA,NA
"29","Erik Jones",NA,53.066,48.008,47.62,47.512,47.54,47.449,47.393,47.311,47.116,47.093,47.34,47.127,47.124,46.945,46.865,47.162,47.252,47.508,47.48,47.353,47.341,47.054,47.174,47.304,47.315,47.287,47.291,46.98,46.871,46.784,46.737,47.009,47.082,47.268,47.519,47.174,47.724,57.913,78.544,47.833,89.731,112.68,127.645,131.283,112.291,50.452,46.49,46.642,46.854,46.887,46.506,66.691,111.602,132.404,124.291,123.821,50.797,47.07,46.812,46.677,46.685,46.998,61.324,122.601,133.555,131.476,130.662,130.9,128.927,126.741,125.527,51.447,46.974,46.749,47.064,47.324,47.036,47.105,47.406,48.459,46.267,46.781,46.857,47.381,46.983,47.012,46.974,47.207,46.645,47.022,47.014,47.297,47.168,46.972,46.993,46.994,47.153,47.015,46.853,47.069,47.027,47.015,46.836,47.244,47.103,47.211,46.886,58.525,71.41,46.642,46.107,46.991,47.141,47.245,47.637,46.865,46.569,47.263,46.603,46.947,46.582,46.51,46.284,46.462,46.742,47.042,46.501,46.633,46.881,46.176,71.433,116.797,127.767,125.823,126.041,46.606,47.237,47.02,46.513,46.815,46.921,46.865,74.346,117.086,127.673,127.553,136.803,125.858,130.479,51.357,47.833,47.164,46.992,46.73,46.891,47.098,46.919,46.801,46.873,47.009,46.735,46.891,46.811,46.882,46.65,46.541,47.072,46.933,46.504,46.889,46.42,46.198,46.219,46.74,46.66,46.924,47.149,46.7,46.798,46.76,102.627,NA,NA,NA,NA,NA,NA,NA,NA,NA,NA,NA
"30","Kevin Harvick",NA,52.617,47.982,47.866,47.555,47.632,47.378,47.407,47.564,47.081,47.269,47.365,47.263,46.958,47.252,46.77,47.683,46.833,47.587,47.371,47.517,47.265,47.084,47.19,47.02,47.137,47.298,46.971,47.049,46.861,46.791,46.739,47.005,47.119,47.203,47.369,47.353,56.899,76.197,47.494,46.514,85.091,116.957,127.686,127.781,119.305,50.725,46.712,47.194,47.06,48.088,47.181,66.379,111.755,131.662,123.894,123.253,52.84,48.409,47.092,47.384,47.65,47.479,92.947,108.388,127.102,126.692,129.32,126.353,124.752,126.836,123.665,51.336,46.916,46.754,47.155,47.21,47.01,47.037,46.957,46.76,46.914,46.756,46.961,46.981,47.214,46.911,46.883,46.92,46.898,47.095,47.058,47.137,47.165,47.12,47.019,47.028,47.023,46.922,46.941,46.996,47.08,46.945,46.934,47.126,47.125,47.151,47.053,56.066,73.135,47.429,46.342,47.621,47.079,47.481,46.793,46.858,47.019,46.982,46.583,47.028,46.666,46.607,46.412,47.061,47.005,46.645,46.619,46.334,46.439,46.676,69.999,116.603,128.238,126.921,126.316,47.082,47.25,47.038,46.89,46.828,47.501,46.573,79.346,114.466,128.564,126.497,136.851,126.518,127.898,51.471,47.805,47.103,47.019,46.69,46.995,47.047,46.919,46.803,46.868,47.066,46.686,46.957,46.766,46.849,46.702,46.494,46.974,46.69,46.594,46.712,46.437,46.181,46.246,46.693,46.635,46.944,47.053,46.099,46.918,47.31,110.109,NA,NA,NA,NA,NA,NA,NA,NA,NA,NA,NA
"31","Noah Gragson",NA,52.797,47.012,47.356,47.443,47.676,47.266,47.438,47.177,47.228,47.235,47.297,47.306,46.93,46.935,46.811,47.249,47.14,47.533,47.399,47.532,47.278,47.079,47.104,47.33,47.27,47.408,47.174,46.888,46.902,46.521,46.873,46.979,46.993,46.982,47.313,47.236,47.645,57.54,80.816,48.24,89.912,113.824,126.752,128.053,112.731,50.254,46.539,46.468,47.821,47.028,46.886,66.871,111.646,137.063,125.655,117.724,50.88,47.072,46.987,46.841,46.626,46.927,70.916,113.585,133.319,132.055,131.593,128.911,141.035,125.623,115.346,50.846,47.103,47.628,46.534,46.352,47.099,46.987,47.26,46.419,47.045,46.764,46.849,47.002,47.131,47.005,46.866,47.056,46.908,46.994,47.001,47.311,47.049,47.094,47.026,47.055,47.064,46.898,46.965,46.973,47.067,46.974,46.975,47.143,47.14,47.175,46.986,58.952,76.794,49.143,49.193,49.16,49.183,49.2,49.34,49.309,50.332,48.021,47.635,47.485,47.583,47.861,47.67,47.611,47.645,48.133,47.737,47.785,54.379,55.371,99.656,119.337,125.05,121.552,46.8,47.282,47.006,46.619,46.844,46.955,46.859,78.522,114.375,128.15,127.173,141.545,126.322,125.21,51.122,47.681,47.375,47.235,46.864,46.483,46.693,46.892,46.838,46.755,47.278,47.077,46.76,46.777,46.934,46.679,46.497,46.91,46.973,46.597,46.525,46.336,46.155,46.657,46.87,46.572,46.824,46.661,46.21,46.946,46.621,NA,NA,NA,NA,NA,NA,NA,NA,NA,NA,NA,NA,NA
"32","Kyle Larson",NA,53.766,48.009,48.194,47.503,47.564,47.418,47.392,47.339,47.089,47.091,47.337,47.185,47.057,46.942,46.89,47.155,47.25,47.518,47.486,47.39,47.343,46.997,47.189,47.304,47.308,47.307,47.291,46.952,46.911,46.737,46.821,46.954,47.135,47.081,47.09,47.141,47.722,47.487,57.25,76.341,88.791,115.151,127.942,130.898,114.185,50.484,46.519,46.585,46.996,46.973,46.528,66.36,110.006,130.834,126.142,125.488,50.857,46.946,46.781,46.779,46.708,47.051,69.482,115.549,133.607,130.828,130.941,130.351,131.66,126.305,123.308,51.368,47.127,46.949,46.86,47.152,47.04,47.14,47.395,46.921,47.118,46.877,46.821,47.034,47.11,47.014,46.873,47.054,46.914,46.961,47.02,47.296,47.086,47.088,47.024,47.049,47.066,46.904,46.948,46.966,47.078,46.949,47.037,47.02,47.212,47.14,47.069,56.624,73.97,46.62,46.083,47.023,47.104,47.274,47.062,46.801,46.772,47.04,46.289,46.917,46.675,46.555,46.392,46.404,46.474,47.645,46.418,46.305,46.495,46.998,70.494,116.484,127.875,129.444,125.697,47.115,47.075,46.986,46.823,46.832,46.76,46.801,78.39,114.505,125.57,126.52,137.663,126.283,127.606,51.018,47.706,47.113,46.643,46.702,46.885,47.046,47.02,46.713,46.802,47.154,46.908,46.886,46.632,46.765,46.481,46.515,46.985,46.72,46.621,46.721,46.429,46.173,46.249,46.69,46.574,46.982,47.094,46.89,46.915,46.644,NA,NA,NA,NA,NA,NA,NA,NA,NA,NA,NA,NA
"33","Todd Gilliland",NA,52.872,47.365,47.823,47.868,47.728,47.348,47.188,47.505,46.909,47.117,47.328,47.309,46.887,46.956,46.805,47.588,46.876,47.535,47.398,47.469,47.279,47.065,47.126,47.307,47.273,47.408,47.2,46.888,46.897,46.509,46.868,46.984,47.003,46.994,47.343,47.318,68.589,63.11,48.239,46.785,84.065,116.766,127.66,128.424,120.262,50.991,46.588,46.726,46.915,46.677,46.669,62.99,110.26,130.094,127.423,128.097,50.928,46.886,46.795,46.767,46.701,47.051,57.038,124.321,133.347,131.531,131.366,152.063,114.828,126.133,122.055,51.265,47.104,46.953,46.859,47.161,47.042,47.075,46.922,46.766,46.944,46.724,46.958,47.033,47.157,46.96,46.889,46.916,46.917,47.064,47.061,47.14,47.133,47.177,46.976,47.054,47.042,46.884,46.954,46.975,47.06,46.979,46.925,47.116,47.184,47.13,47.072,67.735,61.658,47.079,46.381,47.59,47.121,47.416,46.797,46.894,46.995,46.964,46.599,47.028,46.659,46.629,46.413,47.07,47.08,46.624,46.539,46.379,46.915,46.391,70.679,116.725,157.974,124.837,122.006,47.065,47.14,47.03,46.84,46.809,47.594,46.513,78.553,114.364,128.958,125.895,116.181,137.467,112.131,51.526,47.017,47.123,46.739,46.733,46.773,47.091,47.048,46.834,46.818,47.06,46.964,47.168,46.784,46.769,46.452,46.467,46.928,46.724,46.583,46.734,46.427,46.157,46.269,46.688,46.604,46.96,47.228,46.754,46.929,46.723,NA,NA,NA,NA,NA,NA,NA,NA,NA,NA,NA,NA
"34","Christopher Bell",NA,52.856,47.548,47.591,47.544,47.584,47.425,47.607,47.395,47.292,47.323,47.297,47.447,46.92,46.913,47.108,47.335,47.49,47.485,47.341,47.213,47.21,47.08,47.189,47.037,47.106,47.207,47.159,46.826,46.925,46.795,46.785,47.136,46.833,47.017,46.922,47.268,47.231,56.33,74.969,48.467,77.664,118.967,128.324,128.151,124.766,51.307,46.654,46.626,46.975,46.706,46.653,59.913,111.143,127.854,128.42,131.359,51.191,47.033,46.997,46.944,46.507,46.965,136.655,232.785,100.428,178.694,71.089,119.395,142.595,114.532,54.11,52.587,1889.172,71.032,50.839,50.682,50.975,50.927,50.874,50.673,50.376,49.308,49.869,50.75,51.192,49.605,49.99,51.757,64.452,114.689,118.582,125.4,118.846,49.356,50.601,50.745,50.819,50.895,50.987,51.013,51.126,58.722,70.887,81.622,127.509,123.047,126.562,134.189,128.135,50.05,48.081,49.049,49.694,49.026,49.445,49.97,50.024,50.461,49.953,49.916,49.796,49.936,49.73,49.9,59.743,79.789,52.307,51.552,48.86,49.196,50.118,50.802,51.353,49.925,50.149,50.274,50.485,54.387,483.149,135.314,140.56,124.267,64.637,NA,NA,NA,NA,NA,NA,NA,NA,NA,NA,NA,NA,NA,NA,NA,NA,NA,NA,NA,NA,NA,NA,NA,NA,NA,NA,NA,NA,NA,NA,NA,NA,NA,NA,NA,NA,NA,NA,NA,NA,NA,NA,NA,NA,NA,NA,NA,NA,NA
"35","Tyler Reddick",NA,52.962,48.023,47.887,47.537,47.645,47.358,47.413,47.575,47.086,47.132,47.349,47.617,47.101,47.095,46.764,47.7,47.146,47.121,47.424,47.456,47.237,47.226,47.155,47.183,47.293,47.433,47.146,46.949,46.937,46.472,46.791,46.964,46.991,46.96,47.331,47.328,47.441,57.014,74.652,46.896,81.676,117.124,128.281,128.707,121.819,50.935,46.682,46.877,47.009,47.01,46.809,66.955,111.584,137.929,125.333,118.625,50.516,47.665,46.931,46.869,47.114,48.2,86.853,102.347,132.612,127.275,132.018,127.822,134.665,125.322,119.713,51.177,47.063,46.99,46.889,47.172,46.93,47.05,47.37,46.929,47.134,46.877,46.871,47.29,47.054,47.044,46.951,47.251,46.589,47.044,47.009,47.271,47.22,46.95,46.975,47.036,47.1,46.986,46.906,47.034,46.994,47.09,46.839,47.191,47.089,47.249,46.872,57.795,72.311,46.64,46.124,46.967,47.183,47.233,47.608,46.882,46.547,47.174,46.664,46.964,46.615,46.646,47.031,47.098,46.572,47.003,46.948,47.083,47.494,47.857,74.202,114.232,124.072,125.545,119.923,46.828,47.293,47.006,46.713,46.825,46.993,46.797,52.499,NA,NA,NA,NA,NA,NA,NA,NA,NA,NA,NA,NA,NA,NA,NA,NA,NA,NA,NA,NA,NA,NA,NA,NA,NA,NA,NA,NA,NA,NA,NA,NA,NA,NA,NA,NA,NA,NA,NA,NA,NA,NA,NA,NA,NA,NA,NA,NA,NA
"36","Greg Biffle",NA,52.957,47.617,47.788,47.924,47.711,47.34,47.203,47.506,46.997,47.125,47.207,47.456,47.182,46.849,47.05,47.425,47.229,47.465,47.564,47.342,47.446,47.56,47.778,48.991,60.798,121.199,4208.703,63.684,50.506,50.568,50.498,50.464,50.507,50.597,50.549,50.791,50.179,48.733,49.247,49.644,49.933,50.027,48.789,48.792,48.824,48.874,48.893,49.296,49.244,49.365,49.658,50.107,47.694,46.836,55.436,80.495,51.028,48.279,48.629,49.272,49.791,49.985,50.224,50.283,50.317,50.403,55.04,111.887,118.319,125.12,116.654,46.888,47.052,47.359,46.767,46.673,47.19,46.938,78.982,112.789,128.109,124.93,128.295,139.348,125.824,50.855,48.072,48.335,49.41,49.058,49.258,49.833,50.035,50.701,49.769,50.14,49.685,49.982,49.784,49.828,59.61,83.423,50.126,50.582,48.777,49.195,49.87,50.656,51.752,49.916,50.15,50.285,50.48,62.7,478.461,132.627,141.407,123.084,73.605,98.738,126.469,135.35,129.414,55.193,51.304,NA,NA,NA,NA,NA,NA,NA,NA,NA,NA,NA,NA,NA,NA,NA,NA,NA,NA,NA,NA,NA,NA,NA,NA,NA,NA,NA,NA,NA,NA,NA,NA,NA,NA,NA,NA,NA,NA,NA,NA,NA,NA,NA,NA,NA,NA,NA,NA,NA,NA,NA,NA,NA,NA,NA,NA,NA,NA,NA,NA,NA,NA,NA,NA,NA,NA,NA
"37","Denny Hamlin",NA,52.829,47.181,47.696,47.475,47.412,47.374,47.376,47.437,47.178,47.181,47.29,47.276,46.916,46.978,47.08,47.36,47.482,47.441,47.418,47.191,47.23,47.015,47.199,46.96,47.18,47.269,47.105,46.833,46.947,46.711,46.823,47.108,46.89,46.969,47.02,47.213,47.234,56.834,73.972,48.47,77.44,118.333,128.344,128.003,125.699,51.38,46.631,46.623,46.994,46.712,46.657,57.923,112.798,127.903,128.168,131.821,51.239,47.046,46.997,46.947,46.517,46.922,118.603,NA,NA,NA,NA,NA,NA,NA,NA,NA,NA,NA,NA,NA,NA,NA,NA,NA,NA,NA,NA,NA,NA,NA,NA,NA,NA,NA,NA,NA,NA,NA,NA,NA,NA,NA,NA,NA,NA,NA,NA,NA,NA,NA,NA,NA,NA,NA,NA,NA,NA,NA,NA,NA,NA,NA,NA,NA,NA,NA,NA,NA,NA,NA,NA,NA,NA,NA,NA,NA,NA,NA,NA,NA,NA,NA,NA,NA,NA,NA,NA,NA,NA,NA,NA,NA,NA,NA,NA,NA,NA,NA,NA,NA,NA,NA,NA,NA,NA,NA,NA,NA,NA,NA,NA,NA,NA,NA,NA,NA,NA,NA,NA,NA,NA,NA,NA,NA,NA,NA,NA,NA,NA,NA,NA,NA,NA,NA,NA,NA
"38","William Byron Jr.",NA,52.53,48.063,47.873,47.584,47.619,47.391,47.428,47.106,47.134,47.257,47.377,47.106,46.933,46.983,47.094,47.351,47.134,47.526,47.398,47.529,47.19,47,47.196,46.932,47.244,47.429,47.014,46.866,46.878,46.721,46.857,47.04,46.974,46.916,47.079,47.155,47.714,56.652,75.014,47.413,82.478,115.628,127.483,128.52,123.435,51.236,46.642,46.681,46.915,46.705,46.685,60.885,110.364,127.954,128.041,131.146,51.391,46.72,47.062,46.981,46.508,46.859,NA,NA,NA,NA,NA,NA,NA,NA,NA,NA,NA,NA,NA,NA,NA,NA,NA,NA,NA,NA,NA,NA,NA,NA,NA,NA,NA,NA,NA,NA,NA,NA,NA,NA,NA,NA,NA,NA,NA,NA,NA,NA,NA,NA,NA,NA,NA,NA,NA,NA,NA,NA,NA,NA,NA,NA,NA,NA,NA,NA,NA,NA,NA,NA,NA,NA,NA,NA,NA,NA,NA,NA,NA,NA,NA,NA,NA,NA,NA,NA,NA,NA,NA,NA,NA,NA,NA,NA,NA,NA,NA,NA,NA,NA,NA,NA,NA,NA,NA,NA,NA,NA,NA,NA,NA,NA,NA,NA,NA,NA,NA,NA,NA,NA,NA,NA,NA,NA,NA,NA,NA,NA,NA,NA,NA,NA,NA,NA,NA,NA
"39","Harrison Burton",NA,53.274,48.043,48.142,47.485,47.423,47.31,47.344,47.437,47.28,47.375,47.498,47.131,47.003,46.997,46.891,47.129,47.273,47.524,47.414,47.469,47.281,47.102,47.08,47.333,47.326,47.363,47.17,46.926,46.901,46.617,46.855,46.983,47.015,46.953,47.484,47.077,47.265,47.45,56.526,74.394,78.432,117.833,128.463,127.628,125.551,51.34,46.699,46.854,47,47.002,46.28,60.418,111.545,128.509,127.819,130.256,51.229,46.863,46.809,46.833,46.704,47.015,NA,NA,NA,NA,NA,NA,NA,NA,NA,NA,NA,NA,NA,NA,NA,NA,NA,NA,NA,NA,NA,NA,NA,NA,NA,NA,NA,NA,NA,NA,NA,NA,NA,NA,NA,NA,NA,NA,NA,NA,NA,NA,NA,NA,NA,NA,NA,NA,NA,NA,NA,NA,NA,NA,NA,NA,NA,NA,NA,NA,NA,NA,NA,NA,NA,NA,NA,NA,NA,NA,NA,NA,NA,NA,NA,NA,NA,NA,NA,NA,NA,NA,NA,NA,NA,NA,NA,NA,NA,NA,NA,NA,NA,NA,NA,NA,NA,NA,NA,NA,NA,NA,NA,NA,NA,NA,NA,NA,NA,NA,NA,NA,NA,NA,NA,NA,NA,NA,NA,NA,NA,NA,NA,NA,NA,NA,NA,NA,NA,NA
"40","Ross Chastain",NA,52.676,47.853,47.863,47.522,47.653,47.348,47.411,47.436,47.072,47.016,47.563,47.142,47.021,46.965,46.932,47.121,47.268,47.523,47.446,47.444,47.287,47.085,47.083,47.338,47.308,47.384,47.186,46.856,46.851,46.768,46.85,46.987,47.089,47.222,47.09,47.071,47.742,56.413,80.026,47.848,89.11,112.913,125.508,127.962,117.401,50.76,46.522,46.728,46.921,46.69,46.642,64.867,110.122,129.368,127.034,127.506,50.809,47.043,46.786,46.766,46.705,46.892,NA,NA,NA,NA,NA,NA,NA,NA,NA,NA,NA,NA,NA,NA,NA,NA,NA,NA,NA,NA,NA,NA,NA,NA,NA,NA,NA,NA,NA,NA,NA,NA,NA,NA,NA,NA,NA,NA,NA,NA,NA,NA,NA,NA,NA,NA,NA,NA,NA,NA,NA,NA,NA,NA,NA,NA,NA,NA,NA,NA,NA,NA,NA,NA,NA,NA,NA,NA,NA,NA,NA,NA,NA,NA,NA,NA,NA,NA,NA,NA,NA,NA,NA,NA,NA,NA,NA,NA,NA,NA,NA,NA,NA,NA,NA,NA,NA,NA,NA,NA,NA,NA,NA,NA,NA,NA,NA,NA,NA,NA,NA,NA,NA,NA,NA,NA,NA,NA,NA,NA,NA,NA,NA,NA,NA,NA,NA,NA,NA,NA
